timestamp,Bx_uT,By_uT,Bz_uT,B_total_uT,theta_deg,phi_deg,N_matrix
2026-08-08T20:04:07.799631,0.28469763268816256,3.4884608062387996,-0.7996808250968535,3.590250821426002,102.86982694068382,85.33436005095606,"[[0.5773502691896258, 0.5773502691896258, 0.5773502691896258], [0.5773502691896258, -0.5773502691896258, -0.5773502691896258], [-0.5773502691896258, 0.5773502691896258, -0.5773502691896258], [-0.5773502691896258, -0.5773502691896258, 0.5773502691896258]]"
2026-08-08T20:05:07.799631,0.38212204962500634,1.8488015713981736,0.001955649751537068,1.8878793223561516,89.94064742609238,78.32218056819045,"[[0.5773502691896258, 0.5773502691896258, 0.5773502691896258], [0.5773502691896258, -0.5773502691896258, -0.5773502691896258], [-0.5773502691896258, 0.5773502691896258, -0.5773502691896258], [-0.5773502691896258, -0.5773502691896258, 0.5773502691896258]]"
2026-08-08T20:06:07.799631,-0.8342573305072476,2.372723401129214,1.0599128241138258,2.7293253427343926,67.14860046252164,109.37184151453272,"[[0.5773502691896258, 0.5773502691896258, 0.5773502691896258], [0.5773502691896258, -0.5773502691896258, -0.5773502691896258], [-0.5773502691896258, 0.5773502691896258, -0.5773502691896258], [-0.5773502691896258, -0.5773502691896258, 0.5773502691896258]]"
2026-08-08T20:07:07.799631,-0.25198660647564547,3.9028290386876625,-0.6141514159613642,3.9588828874815336,98.92448113721045,93.69418104413398,"[[0.5773502691896258, 0.5773502691896258, 0.5773502691896258], [0.5773502691896258, -0.5773502691896258, -0.5773502691896258], [-0.5773502691896258, 0.5773502691896258, -0.5773502691896258], [-0.5773502691896258, -0.5773502691896258, 0.5773502691896258]]"
2026-08-08T20:08:07.799631,0.7759097291836393,4.9000391871490345,0.5115063468656296,4.987389967339813,84.11339841920952,81.00205591252144,"[[0.5773502691896258, 0.5773502691896258, 0.5773502691896258], [0.5773502691896258, -0.5773502691896258, -0.5773502691896258], [-0.5773502691896258, 0.5773502691896258, -0.5773502691896258], [-0.5773502691896258, -0.5773502691896258, 0.5773502691896258]]"
2026-08-08T20:09:07.799631,0.6927374125607878,4.030193420364448,-0.263067495755016,4.097749215805321,93.68080843153668,80.24691336790752,"[[0.5773502691896258, 0.5773502691896258, 0.5773502691896258], [0.5773502691896258, -0.5773502691896258, -0.5773502691896258], [-0.5773502691896258, 0.5773502691896258, -0.5773502691896258], [-0.5773502691896258, -0.5773502691896258, 0.5773502691896258]]"
2026-08-08T20:10:07.799631,-0.2822600899936287,2.685854997770047,-0.35095059951664875,2.7233534751755317,97.40412989098583,95.99926900028937,"[[0.5773502691896258, 0.5773502691896258, 0.5773502691896258], [0.5773502691896258, -0.5773502691896258, -0.5773502691896258], [-0.5773502691896258, 0.5773502691896258, -0.5773502691896258], [-0.5773502691896258, -0.5773502691896258, 0.5773502691896258]]"
2026-08-08T20:11:07.799631,0.1747663189150463,3.953344827269935,0.756977470308499,4.028956872452685,79.17066388646151,87.4687618756376,"[[0.5773502691896258, 0.5773502691896258, 0.5773502691896258], [0.5773502691896258, -0.5773502691896258, -0.5773502691896258], [-0.5773502691896258, 0.5773502691896258, -0.5773502691896258], [-0.5773502691896258, -0.5773502691896258, 0.5773502691896258]]"
2026-08-08T20:12:07.799631,0.874242239379951,3.1192458450752425,0.5040035289308709,3.2784163390744023,81.15662955819406,74.34321849943977,"[[0.5773502691896258, 0.5773502691896258, 0.5773502691896258], [0.5773502691896258, -0.5773502691896258, -0.5773502691896258], [-0.5773502691896258, 0.5773502691896258, -0.5773502691896258], [-0.5773502691896258, -0.5773502691896258, 0.5773502691896258]]"
2026-08-08T20:13:07.799631,-0.47078713570784864,2.622950672293359,0.42511936955956164,2.698562067992305,80.93612236743944,100.17553449406739,"[[0.5773502691896258, 0.5773502691896258, 0.5773502691896258], [0.5773502691896258, -0.5773502691896258, -0.5773502691896258], [-0.5773502691896258, 0.5773502691896258, -0.5773502691896258], [-0.5773502691896258, -0.5773502691896258, 0.5773502691896258]]"
2026-08-08T20:14:07.799631,1.2768072623962121,2.5496971603849055,-0.01396040207342074,2.8515587470379447,90.28050458900634,63.39974786256992,"[[0.5773502691896258, 0.5773502691896258, 0.5773502691896258], [0.5773502691896258, -0.5773502691896258, -0.5773502691896258], [-0.5773502691896258, 0.5773502691896258, -0.5773502691896258], [-0.5773502691896258, -0.5773502691896258, 0.5773502691896258]]"
2026-08-08T20:15:07.799631,0.783884773365633,4.370492021937169,-0.6959746150100866,4.4944472982191455,98.90821880354407,79.83163352554664,"[[0.5773502691896258, 0.5773502691896258, 0.5773502691896258], [0.5773502691896258, -0.5773502691896258, -0.5773502691896258], [-0.5773502691896258, 0.5773502691896258, -0.5773502691896258], [-0.5773502691896258, -0.5773502691896258, 0.5773502691896258]]"
2026-08-08T20:16:07.799631,-0.6704175542413847,3.0364008012624675,-0.635040825715529,3.1737149168234717,101.54244697844575,102.45077650985196,"[[0.5773502691896258, 0.5773502691896258, 0.5773502691896258], [0.5773502691896258, -0.5773502691896258, -0.5773502691896258], [-0.5773502691896258, 0.5773502691896258, -0.5773502691896258], [-0.5773502691896258, -0.5773502691896258, 0.5773502691896258]]"
2026-08-08T20:17:07.799631,0.22827135750840274,4.66770268506348,0.46247452253170285,4.696108905551327,84.34833010734434,87.2002129462856,"[[0.5773502691896258, 0.5773502691896258, 0.5773502691896258], [0.5773502691896258, -0.5773502691896258, -0.5773502691896258], [-0.5773502691896258, 0.5773502691896258, -0.5773502691896258], [-0.5773502691896258, -0.5773502691896258, 0.5773502691896258]]"
2026-08-08T20:18:07.799631,0.21078362894780078,3.219409100571658,0.597033498754358,3.281078129778516,79.5159035321007,86.25403313929239,"[[0.5773502691896258, 0.5773502691896258, 0.5773502691896258], [0.5773502691896258, -0.5773502691896258, -0.5773502691896258], [-0.5773502691896258, 0.5773502691896258, -0.5773502691896258], [-0.5773502691896258, -0.5773502691896258, 0.5773502691896258]]"
2026-08-08T20:19:07.799631,0.2700376567448127,4.661041417284792,-0.008639942610149652,4.6688651809955655,90.1060284480591,86.68427268032663,"[[0.5773502691896258, 0.5773502691896258, 0.5773502691896258], [0.5773502691896258, -0.5773502691896258, -0.5773502691896258], [-0.5773502691896258, 0.5773502691896258, -0.5773502691896258], [-0.5773502691896258, -0.5773502691896258, 0.5773502691896258]]"
2026-08-08T20:20:07.799631,0.9866978785244378,4.08105232478316,0.7104359074486961,4.258318912399013,80.39615996864623,76.40812513092628,"[[0.5773502691896258, 0.5773502691896258, 0.5773502691896258], [0.5773502691896258, -0.5773502691896258, -0.5773502691896258], [-0.5773502691896258, 0.5773502691896258, -0.5773502691896258], [-0.5773502691896258, -0.5773502691896258, 0.5773502691896258]]"
2026-08-08T20:21:07.799631,-0.13416612873814315,2.9540547429159814,-0.5210047859155085,3.002646492877883,99.99226309321575,92.60045075231027,"[[0.5773502691896258, 0.5773502691896258, 0.5773502691896258], [0.5773502691896258, -0.5773502691896258, -0.5773502691896258], [-0.5773502691896258, 0.5773502691896258, -0.5773502691896258], [-0.5773502691896258, -0.5773502691896258, 0.5773502691896258]]"
2026-08-08T20:22:07.799631,1.52797158045263,3.102252733869335,-0.4803660246745856,3.491335087489073,97.90830166647204,63.77808742428897,"[[0.5773502691896258, 0.5773502691896258, 0.5773502691896258], [0.5773502691896258, -0.5773502691896258, -0.5773502691896258], [-0.5773502691896258, 0.5773502691896258, -0.5773502691896258], [-0.5773502691896258, -0.5773502691896258, 0.5773502691896258]]"
2026-08-08T20:23:07.799631,-0.33945828337464334,2.152715138967311,1.3141512802211268,2.544878775697879,58.90955519732142,98.96109359743534,"[[0.5773502691896258, 0.5773502691896258, 0.5773502691896258], [0.5773502691896258, -0.5773502691896258, -0.5773502691896258], [-0.5773502691896258, 0.5773502691896258, -0.5773502691896258], [-0.5773502691896258, -0.5773502691896258, 0.5773502691896258]]"
2026-08-08T20:24:07.799631,-0.23247591856832062,2.231632023281081,-1.2986045870979783,2.5924120840791702,120.06123079928717,95.94722497320309,"[[0.5773502691896258, 0.5773502691896258, 0.5773502691896258], [0.5773502691896258, -0.5773502691896258, -0.5773502691896258], [-0.5773502691896258, 0.5773502691896258, -0.5773502691896258], [-0.5773502691896258, -0.5773502691896258, 0.5773502691896258]]"
2026-08-08T20:25:07.799631,1.9279770844048605,2.2668358392649886,0.28527569723304025,2.9894853375787394,84.52414020179309,49.61834898116041,"[[0.5773502691896258, 0.5773502691896258, 0.5773502691896258], [0.5773502691896258, -0.5773502691896258, -0.5773502691896258], [-0.5773502691896258, 0.5773502691896258, -0.5773502691896258], [-0.5773502691896258, -0.5773502691896258, 0.5773502691896258]]"
2026-08-08T20:26:07.799631,-1.2418565049498165,3.6939634470438913,0.59747617742829,3.9426578991305954,81.28373237337651,108.581891984329,"[[0.5773502691896258, 0.5773502691896258, 0.5773502691896258], [0.5773502691896258, -0.5773502691896258, -0.5773502691896258], [-0.5773502691896258, 0.5773502691896258, -0.5773502691896258], [-0.5773502691896258, -0.5773502691896258, 0.5773502691896258]]"
2026-08-08T20:27:07.799631,-0.21469471921609187,3.7650677731825377,0.6574892277604539,3.8280701722588666,80.11014049435566,93.26363168803677,"[[0.5773502691896258, 0.5773502691896258, 0.5773502691896258], [0.5773502691896258, -0.5773502691896258, -0.5773502691896258], [-0.5773502691896258, 0.5773502691896258, -0.5773502691896258], [-0.5773502691896258, -0.5773502691896258, 0.5773502691896258]]"
2026-08-08T20:28:07.799631,1.0306617806178433,1.7807800213646157,-0.6525362364962769,2.1585283714740533,107.5961640194309,59.93903563190773,"[[0.5773502691896258, 0.5773502691896258, 0.5773502691896258], [0.5773502691896258, -0.5773502691896258, -0.5773502691896258], [-0.5773502691896258, 0.5773502691896258, -0.5773502691896258], [-0.5773502691896258, -0.5773502691896258, 0.5773502691896258]]"
2026-08-08T20:29:07.799631,0.03440235354769169,4.468548687225819,-0.16820083510582926,4.471845526510001,92.15559140842697,89.55890136604981,"[[0.5773502691896258, 0.5773502691896258, 0.5773502691896258], [0.5773502691896258, -0.5773502691896258, -0.5773502691896258], [-0.5773502691896258, 0.5773502691896258, -0.5773502691896258], [-0.5773502691896258, -0.5773502691896258, 0.5773502691896258]]"
2026-08-08T20:30:07.799631,-0.7898642918258464,3.075750158094504,0.17800507413066818,3.1805361876476392,86.79165060172258,104.40254931671733,"[[0.5773502691896258, 0.5773502691896258, 0.5773502691896258], [0.5773502691896258, -0.5773502691896258, -0.5773502691896258], [-0.5773502691896258, 0.5773502691896258, -0.5773502691896258], [-0.5773502691896258, -0.5773502691896258, 0.5773502691896258]]"
2026-08-08T20:31:07.799631,-0.9149404031608135,3.4339443405543952,-0.5264476253104228,3.5925251255289243,98.42645113292394,104.91929591514611,"[[0.5773502691896258, 0.5773502691896258, 0.5773502691896258], [0.5773502691896258, -0.5773502691896258, -0.5773502691896258], [-0.5773502691896258, 0.5773502691896258, -0.5773502691896258], [-0.5773502691896258, -0.5773502691896258, 0.5773502691896258]]"
2026-08-08T20:32:07.799631,-0.2614559033121784,3.571984603884255,0.17722651043759333,3.5859228150874682,87.16712545185236,94.18637082946915,"[[0.5773502691896258, 0.5773502691896258, 0.5773502691896258], [0.5773502691896258, -0.5773502691896258, -0.5773502691896258], [-0.5773502691896258, 0.5773502691896258, -0.5773502691896258], [-0.5773502691896258, -0.5773502691896258, 0.5773502691896258]]"
2026-08-08T20:33:07.799631,0.8405886651807825,4.18367116190325,0.11013130351190072,4.268702683366989,88.5216213018985,78.63931996458686,"[[0.5773502691896258, 0.5773502691896258, 0.5773502691896258], [0.5773502691896258, -0.5773502691896258, -0.5773502691896258], [-0.5773502691896258, 0.5773502691896258, -0.5773502691896258], [-0.5773502691896258, -0.5773502691896258, 0.5773502691896258]]"
2026-08-08T20:34:07.799631,0.9016636862001753,2.371731654457177,-1.5386502988187354,2.9674152365014996,121.23271554695779,69.18464622116234,"[[0.5773502691896258, 0.5773502691896258, 0.5773502691896258], [0.5773502691896258, -0.5773502691896258, -0.5773502691896258], [-0.5773502691896258, 0.5773502691896258, -0.5773502691896258], [-0.5773502691896258, -0.5773502691896258, 0.5773502691896258]]"
2026-08-08T20:35:07.799631,-0.9140416314704793,3.283850136956,-0.30726619334910427,3.4225073176871956,95.15084129671642,105.5542515063813,"[[0.5773502691896258, 0.5773502691896258, 0.5773502691896258], [0.5773502691896258, -0.5773502691896258, -0.5773502691896258], [-0.5773502691896258, 0.5773502691896258, -0.5773502691896258], [-0.5773502691896258, -0.5773502691896258, 0.5773502691896258]]"
2026-08-08T20:36:07.799631,0.36590902102212564,3.0523826282751805,-0.8318998901978104,3.184805574657988,105.14181222055343,83.16420088394216,"[[0.5773502691896258, 0.5773502691896258, 0.5773502691896258], [0.5773502691896258, -0.5773502691896258, -0.5773502691896258], [-0.5773502691896258, 0.5773502691896258, -0.5773502691896258], [-0.5773502691896258, -0.5773502691896258, 0.5773502691896258]]"
2026-08-08T20:37:07.799631,-0.052505832045448154,3.621316998186119,-1.1588489383438265,3.8025812977043794,107.74331834049894,90.83067894753674,"[[0.5773502691896258, 0.5773502691896258, 0.5773502691896258], [0.5773502691896258, -0.5773502691896258, -0.5773502691896258], [-0.5773502691896258, 0.5773502691896258, -0.5773502691896258], [-0.5773502691896258, -0.5773502691896258, 0.5773502691896258]]"
2026-08-08T20:38:07.799631,-0.05467694318545777,2.4372578717171747,-1.0913387076155316,2.6709990033886903,114.11617930772071,91.28514620047234,"[[0.5773502691896258, 0.5773502691896258, 0.5773502691896258], [0.5773502691896258, -0.5773502691896258, -0.5773502691896258], [-0.5773502691896258, 0.5773502691896258, -0.5773502691896258], [-0.5773502691896258, -0.5773502691896258, 0.5773502691896258]]"
2026-08-08T20:39:07.799631,-0.5572221239281134,3.773392256477847,1.3436758223207355,4.044063591504372,70.59406547465593,98.40023826322296,"[[0.5773502691896258, 0.5773502691896258, 0.5773502691896258], [0.5773502691896258, -0.5773502691896258, -0.5773502691896258], [-0.5773502691896258, 0.5773502691896258, -0.5773502691896258], [-0.5773502691896258, -0.5773502691896258, 0.5773502691896258]]"
2026-08-08T20:40:07.799631,1.014895825050455,3.690399740355415,0.7681361479779756,3.9037285921475893,78.65186724143581,74.62323062111594,"[[0.5773502691896258, 0.5773502691896258, 0.5773502691896258], [0.5773502691896258, -0.5773502691896258, -0.5773502691896258], [-0.5773502691896258, 0.5773502691896258, -0.5773502691896258], [-0.5773502691896258, -0.5773502691896258, 0.5773502691896258]]"
2026-08-08T20:41:07.799631,0.7688730574200314,3.1948246604036257,0.002062230579425113,3.2860423980747013,89.96404272920853,76.4684052762799,"[[0.5773502691896258, 0.5773502691896258, 0.5773502691896258], [0.5773502691896258, -0.5773502691896258, -0.5773502691896258], [-0.5773502691896258, 0.5773502691896258, -0.5773502691896258], [-0.5773502691896258, -0.5773502691896258, 0.5773502691896258]]"
2026-08-08T20:42:07.799631,0.16614961234190298,2.7130889692290516,0.24477474864619939,2.729170593093904,84.85432288337347,86.49558208258173,"[[0.5773502691896258, 0.5773502691896258, 0.5773502691896258], [0.5773502691896258, -0.5773502691896258, -0.5773502691896258], [-0.5773502691896258, 0.5773502691896258, -0.5773502691896258], [-0.5773502691896258, -0.5773502691896258, 0.5773502691896258]]"
2026-08-08T20:43:07.799631,0.772039071765304,3.1858627226561698,1.0101448911457025,3.4301834232370396,72.87321366215689,76.37795304928733,"[[0.5773502691896258, 0.5773502691896258, 0.5773502691896258], [0.5773502691896258, -0.5773502691896258, -0.5773502691896258], [-0.5773502691896258, 0.5773502691896258, -0.5773502691896258], [-0.5773502691896258, -0.5773502691896258, 0.5773502691896258]]"
2026-08-08T20:44:07.799631,-0.5101096911616707,3.41398711386432,0.6093855253126818,3.5052632752917856,79.98833244459529,98.49812689932715,"[[0.5773502691896258, 0.5773502691896258, 0.5773502691896258], [0.5773502691896258, -0.5773502691896258, -0.5773502691896258], [-0.5773502691896258, 0.5773502691896258, -0.5773502691896258], [-0.5773502691896258, -0.5773502691896258, 0.5773502691896258]]"
2026-08-08T20:45:07.799631,0.4839864489361386,3.532008136594029,0.09526394152545109,3.566286524982983,88.46931224431401,82.1974281608096,"[[0.5773502691896258, 0.5773502691896258, 0.5773502691896258], [0.5773502691896258, -0.5773502691896258, -0.5773502691896258], [-0.5773502691896258, 0.5773502691896258, -0.5773502691896258], [-0.5773502691896258, -0.5773502691896258, 0.5773502691896258]]"
2026-08-08T20:46:07.799631,0.35032610697142075,3.653848997903714,0.6816201706235481,3.733355988612471,79.48017550275097,84.52329902060055,"[[0.5773502691896258, 0.5773502691896258, 0.5773502691896258], [0.5773502691896258, -0.5773502691896258, -0.5773502691896258], [-0.5773502691896258, 0.5773502691896258, -0.5773502691896258], [-0.5773502691896258, -0.5773502691896258, 0.5773502691896258]]"
2026-08-08T20:47:07.799631,0.6076328687111732,3.580441654867826,-0.9517509627147414,3.7542788977484434,104.68537225924663,80.36816494710114,"[[0.5773502691896258, 0.5773502691896258, 0.5773502691896258], [0.5773502691896258, -0.5773502691896258, -0.5773502691896258], [-0.5773502691896258, 0.5773502691896258, -0.5773502691896258], [-0.5773502691896258, -0.5773502691896258, 0.5773502691896258]]"
2026-08-08T20:48:07.799631,0.13714489235144373,3.0321423920803547,-0.2597469933981503,3.0463362762387614,94.89128491924184,87.41025631643888,"[[0.5773502691896258, 0.5773502691896258, 0.5773502691896258], [0.5773502691896258, -0.5773502691896258, -0.5773502691896258], [-0.5773502691896258, 0.5773502691896258, -0.5773502691896258], [-0.5773502691896258, -0.5773502691896258, 0.5773502691896258]]"
2026-08-08T20:49:07.799631,0.41551551058198666,3.9647359778574054,0.42445805702725975,4.008983556442516,83.9223191138863,84.01708167027769,"[[0.5773502691896258, 0.5773502691896258, 0.5773502691896258], [0.5773502691896258, -0.5773502691896258, -0.5773502691896258], [-0.5773502691896258, 0.5773502691896258, -0.5773502691896258], [-0.5773502691896258, -0.5773502691896258, 0.5773502691896258]]"
2026-08-08T20:50:07.799631,0.5142551495441712,4.507236961887869,-0.05786618900803577,4.536848232558722,90.73081093717556,83.4909602730134,"[[0.5773502691896258, 0.5773502691896258, 0.5773502691896258], [0.5773502691896258, -0.5773502691896258, -0.5773502691896258], [-0.5773502691896258, 0.5773502691896258, -0.5773502691896258], [-0.5773502691896258, -0.5773502691896258, 0.5773502691896258]]"
2026-08-08T20:51:07.799631,0.033936869623200645,3.71510356728171,-1.3301139332736605,3.9461816103973013,109.69806954848052,89.47662688750546,"[[0.5773502691896258, 0.5773502691896258, 0.5773502691896258], [0.5773502691896258, -0.5773502691896258, -0.5773502691896258], [-0.5773502691896258, 0.5773502691896258, -0.5773502691896258], [-0.5773502691896258, -0.5773502691896258, 0.5773502691896258]]"
2026-08-08T20:52:07.799631,-0.12532021257795806,2.8169022644067527,-0.8320424059620374,2.9398874278141283,106.44043861727383,92.5473328565777,"[[0.5773502691896258, 0.5773502691896258, 0.5773502691896258], [0.5773502691896258, -0.5773502691896258, -0.5773502691896258], [-0.5773502691896258, 0.5773502691896258, -0.5773502691896258], [-0.5773502691896258, -0.5773502691896258, 0.5773502691896258]]"
2026-08-08T20:53:07.799631,-0.24157030260433218,2.6471794379096463,-1.018038952719131,2.846457183385242,110.95602076142183,95.21412668012665,"[[0.5773502691896258, 0.5773502691896258, 0.5773502691896258], [0.5773502691896258, -0.5773502691896258, -0.5773502691896258], [-0.5773502691896258, 0.5773502691896258, -0.5773502691896258], [-0.5773502691896258, -0.5773502691896258, 0.5773502691896258]]"
2026-08-08T20:54:07.799631,1.1622411342652115,3.9870091883298184,0.3017509184804882,4.163904458414999,85.84423158260088,73.74822603878143,"[[0.5773502691896258, 0.5773502691896258, 0.5773502691896258], [0.5773502691896258, -0.5773502691896258, -0.5773502691896258], [-0.5773502691896258, 0.5773502691896258, -0.5773502691896258], [-0.5773502691896258, -0.5773502691896258, 0.5773502691896258]]"
2026-08-08T20:55:07.799631,0.12306673169083504,3.719186281187537,0.7074493060950435,3.7878722965956766,79.23583386897309,88.1047917579279,"[[0.5773502691896258, 0.5773502691896258, 0.5773502691896258], [0.5773502691896258, -0.5773502691896258, -0.5773502691896258], [-0.5773502691896258, 0.5773502691896258, -0.5773502691896258], [-0.5773502691896258, -0.5773502691896258, 0.5773502691896258]]"
2026-08-08T20:56:07.799631,0.5401727277573766,4.4671444881544895,-0.6253716760374323,4.542934754875064,97.91235200658481,83.10519742232104,"[[0.5773502691896258, 0.5773502691896258, 0.5773502691896258], [0.5773502691896258, -0.5773502691896258, -0.5773502691896258], [-0.5773502691896258, 0.5773502691896258, -0.5773502691896258], [-0.5773502691896258, -0.5773502691896258, 0.5773502691896258]]"
2026-08-08T20:57:07.799631,-0.03197253548290562,3.3918821306233102,0.2275289543141439,3.399655284895547,86.16249307982807,90.54006507874782,"[[0.5773502691896258, 0.5773502691896258, 0.5773502691896258], [0.5773502691896258, -0.5773502691896258, -0.5773502691896258], [-0.5773502691896258, 0.5773502691896258, -0.5773502691896258], [-0.5773502691896258, -0.5773502691896258, 0.5773502691896258]]"
2026-08-08T20:58:07.799631,0.20911314964960423,3.186473431142895,0.03335603408118,3.193501818027599,89.40153635877058,86.24533339861507,"[[0.5773502691896258, 0.5773502691896258, 0.5773502691896258], [0.5773502691896258, -0.5773502691896258, -0.5773502691896258], [-0.5773502691896258, 0.5773502691896258, -0.5773502691896258], [-0.5773502691896258, -0.5773502691896258, 0.5773502691896258]]"
2026-08-08T20:59:07.799631,0.2800920085319759,5.084039039581708,-0.5909859605428675,5.125931027120162,96.62054756763922,86.84662468333194,"[[0.5773502691896258, 0.5773502691896258, 0.5773502691896258], [0.5773502691896258, -0.5773502691896258, -0.5773502691896258], [-0.5773502691896258, 0.5773502691896258, -0.5773502691896258], [-0.5773502691896258, -0.5773502691896258, 0.5773502691896258]]"
2026-08-08T21:00:07.799631,-0.640629862863729,2.345108959075949,-0.03961012991241607,2.4313600337100962,90.9334667185213,105.2791002811253,"[[0.5773502691896258, 0.5773502691896258, 0.5773502691896258], [0.5773502691896258, -0.5773502691896258, -0.5773502691896258], [-0.5773502691896258, 0.5773502691896258, -0.5773502691896258], [-0.5773502691896258, -0.5773502691896258, 0.5773502691896258]]"
2026-08-08T21:01:07.799631,-0.2453190392100792,3.38336129914835,-1.6611987123378489,3.7771545207267723,116.09122499361652,94.14711578863837,"[[0.5773502691896258, 0.5773502691896258, 0.5773502691896258], [0.5773502691896258, -0.5773502691896258, -0.5773502691896258], [-0.5773502691896258, 0.5773502691896258, -0.5773502691896258], [-0.5773502691896258, -0.5773502691896258, 0.5773502691896258]]"
2026-08-08T21:02:07.799631,-0.2460418891352598,3.9536496456548864,-0.5824124994030134,4.003883920802041,98.36402679067962,93.56101498772095,"[[0.5773502691896258, 0.5773502691896258, 0.5773502691896258], [0.5773502691896258, -0.5773502691896258, -0.5773502691896258], [-0.5773502691896258, 0.5773502691896258, -0.5773502691896258], [-0.5773502691896258, -0.5773502691896258, 0.5773502691896258]]"
2026-08-08T21:03:07.799631,-1.239262209067188,2.9017810824369645,0.17362754729805183,3.1601029727513414,86.8503755087427,113.12585027950854,"[[0.5773502691896258, 0.5773502691896258, 0.5773502691896258], [0.5773502691896258, -0.5773502691896258, -0.5773502691896258], [-0.5773502691896258, 0.5773502691896258, -0.5773502691896258], [-0.5773502691896258, -0.5773502691896258, 0.5773502691896258]]"
